[
  {
    "id": 1,
    "ime": "Agata",
    "prezime": "Kristi"
  },
  {
    "id": 2,
    "ime": "Šimon",
    "prezime": "Đarmati"
  },
  {
    "id": 3,
    "ime": "Den",
    "prezime": "Simons"
  },
  {
    "id": 4,
    "ime": "K.Dž.",
    "prezime": "Doerti"
  },
  {
    "id": 5,
    "ime": "Bojan",
    "prezime": "Ljubenović"
  },
  {
    "id": 6,
    "ime": "Novak",
    "prezime": "Đoković"
  },
  {
    "id": 7,
    "ime": "Ijan",
    "prezime": "Mekdonald"
  },
  {
    "id": 8,
    "ime": "Liju",
    "prezime": "Cisin"
  },
  {
    "id": 9,
    "ime": "Trejsi",
    "prezime": "Ševalije"
  },
  {
    "id": 10,
    "ime": "Sofi",
    "prezime": "Kinsela"
  }
]
