[
  {
    "id": 1,
    "slika": {
      "src": "images/knjiga1.jpg",
      "alt": "knjiga_UbistvoRodzera"
    },
    "naslov": "Ubistvo Rodžera Akrojda",
    "pisac": [1],
    "cena": {
      "staraCena": "899",
      "novaCena": "685"
    },
    "kategorija": [1, 2, 7],
    "raspolozivo": true
  },
  {
    "id": 2,
    "slika": {
      "src": "images/knjiga2.jpg",
      "alt": "knjiga_kukavicjeJaje"
    },
    "naslov": "Kukavičje jaje",
    "pisac": [1],
    "cena": {
      "staraCena": "999",
      "novaCena": "750"
    },
    "kategorija": [2, 7],
    "raspolozivo": false
  },
  {
    "id": 3,
    "slika": {
      "src": "images/knjiga3.jpg",
      "alt": "knjigaDecaNoci"
    },
    "naslov": "Deca Noći",
    "pisac": [3],
    "cena": {
      "staraCena": "",
      "novaCena": "999"
    },
    "kategorija": [3, 7],
    "raspolozivo": false
  },
  {
    "id": 4,
    "slika": {
      "src": "images/knjiga15.jpg",
      "alt": "knjigaNovak"
    },
    "naslov": "Serviraj za pobedu",
    "pisac": [6],
    "cena": {
      "staraCena": "",
      "novaCena": "899"
    },
    "kategorija": [6, 8, 9],
    "raspolozivo": true
  },
  {
    "id": 5,
    "slika": {
      "src": "images/knjiga5.jpg",
      "alt": "knjigaLetoNoci"
    },
    "naslov": "Leto Noći",
    "pisac": [3],
    "cena": {
      "staraCena": "899",
      "novaCena": "647"
    },
    "kategorija": [3, 7],
    "raspolozivo": false
  },
  {
    "id": 6,
    "slika": {
      "src": "images/knjiga6.jpg",
      "alt": "knjigaDrudI"
    },
    "naslov": "Drud I deo",
    "pisac": [3],
    "cena": {
      "staraCena": "999",
      "novaCena": "875"
    },
    "kategorija": [2, 3, 4, 7],
    "raspolozivo": true
  },
  {
    "id": 7,
    "slika": {
      "src": "images/knjiga7.jpg",
      "alt": "knjigaDrudII"
    },
    "naslov": "Drud II deo",
    "pisac": [3],
    "cena": {
      "staraCena": "999",
      "novaCena": "875"
    },
    "kategorija": [2, 3, 4, 7],
    "raspolozivo": false
  },
  {
    "id": 8,
    "slika": {
      "src": "images/knjiga8.jpg",
      "alt": "knjigaNocnaSkola"
    },
    "naslov": "Noćna Škola",
    "pisac": [4],
    "cena": {
      "staraCena": "999",
      "novaCena": "719"
    },
    "kategorija": [2, 5, 7],
    "raspolozivo": true
  },
  {
    "id": 9,
    "slika": {
      "src": "images/knjiga9.jpg",
      "alt": "knjigaNocanSkolaNasledje"
    },
    "naslov": "Noćna škola - Nasleđe",
    "pisac": [4],
    "cena": {
      "staraCena": "899",
      "novaCena": "647"
    },
    "kategorija": [2, 5, 7],
    "raspolozivo": true
  },
  {
    "id": 10,
    "slika": {
      "src": "images/knjiga10.jpg",
      "alt": "knjigaNocnaSkolaRasep"
    },
    "naslov": "Noćna škola - Rascep",
    "pisac": [4],
    "cena": {
      "staraCena": "899",
      "novaCena": "647"
    },
    "kategorija": [2, 5, 7],
    "raspolozivo": true
  },
  {
    "id": 11,
    "slika": {
      "src": "images/knjiga11.jpg",
      "alt": "knjigaNocnaSkolaodbrana"
    },
    "naslov": "Noćna Škola - Odbrana",
    "pisac": [4],
    "cena": {
      "staraCena": "899",
      "novaCena": "647"
    },
    "kategorija": [2, 5, 7],
    "raspolozivo": true
  },
  {
    "id": 12,
    "slika": {
      "src": "images/knjiga12.jpg",
      "alt": "knjigaNocnaSkolaZavrsina"
    },
    "naslov": "Noćna škola - Završnica",
    "pisac": [4],
    "cena": {
      "staraCena": "899",
      "novaCena": "647"
    },
    "kategorija": [2, 5, 7],
    "raspolozivo": false
  },
  {
    "id": 13,
    "slika": {
      "src": "images/knjiga13.jpg",
      "alt": "knjigaPartizan"
    },
    "naslov": "Partizan - Moj fudbalski klub",
    "pisac": [5],
    "cena": {
      "staraCena": "",
      "novaCena": "999"
    },
    "kategorija": [6, 8],
    "raspolozivo": true
  },
  {
    "id": 14,
    "slika": {
      "src": "images/knjiga14.jpg",
      "alt": "knjigaCZV"
    },
    "naslov": "Crvena Zvezda - Moj fudbalski klub",
    "pisac": [5],
    "cena": {
      "staraCena": "500",
      "novaCena": "350"
    },
    "kategorija": [6, 8],
    "raspolozivo": false
  },
  {
    "id": 15,
    "slika": {
      "src": "images/knjiga4.jpg",
      "alt": "knjigaBabaAnujka"
    },
    "naslov": "Baba Anujka – Banatska veštica",
    "pisac": [2],
    "cena": {
      "staraCena": "599",
      "novaCena": "431"
    },
    "kategorija": [2, 7],
    "raspolozivo": true
  },

  {
    "id": 16,
    "slika": {
      "src": "images/knjiga16.jpg",
      "alt": "knjigaLuna1"
    },
    "naslov": "Luna – Mesečev osvit",
    "pisac": [7],
    "cena": {
      "staraCena": "999",
      "novaCena": "935"
    },
    "kategorija": [10, 7],
    "raspolozivo": true
  },
  {
    "id": 17,
    "slika": {
      "src": "images/knjiga17.jpg",
      "alt": "knjigaLuna2"
    },
    "naslov": "Luna - Mlad mesec",
    "pisac": [7],
    "cena": {
      "staraCena": "999",
      "novaCena": "863"
    },
    "kategorija": [10, 7],
    "raspolozivo": true
  },
  {
    "id": 18,
    "slika": {
      "src": "images/knjiga18.jpg",
      "alt": "knjigaLuna3"
    },
    "naslov": "Luna - Vučji mesec",
    "pisac": [7],
    "cena": {
      "staraCena": "899",
      "novaCena": "750"
    },
    "kategorija": [10, 7],
    "raspolozivo": false
  },
  {
    "id": 19,
    "slika": {
      "src": "images/knjiga19.jpg",
      "alt": "knjigaKrajSmrti"
    },
    "naslov": "Kraj Smrti",
    "pisac": [8],
    "cena": {
      "staraCena": "950",
      "novaCena": "724"
    },
    "kategorija": [10, 7],
    "raspolozivo": true
  },
  {
    "id": 20,
    "slika": {
      "src": "images/knjiga20.jpg",
      "alt": "knjigaMracnSuma"
    },
    "naslov": "Mračna Šuma",
    "pisac": [8],
    "cena": {
      "staraCena": "800",
      "novaCena": "720"
    },
    "kategorija": [10, 7],
    "raspolozivo": false
  },
  {
    "id": 21,
    "slika": {
      "src": "images/knjiga21.jpg",
      "alt": "knjigaDevojkaSaMindjusom"
    },
    "naslov": "Devojka sa bisernom minđušom",
    "pisac": [9],
    "cena": {
      "staraCena": "699",
      "novaCena": "503"
    },
    "kategorija": [11, 7],
    "raspolozivo": true
  },
  {
    "id": 22,
    "slika": {
      "src": "images/knjiga22.jpg",
      "alt": "knjigaPotragazaOdri"
    },
    "naslov": "Potraga za Odri",
    "pisac": [10],
    "cena": {
      "staraCena": "",
      "novaCena": "999"
    },
    "kategorija": [5, 7],
    "raspolozivo": true
  },
  {
    "id": 23,
    "slika": {
      "src": "images/knjiga23.jpg",
      "alt": "knjigaKupoholicarka"
    },
    "naslov": "Kupoholičarka u Holivudu",
    "pisac": [10],
    "cena": {
      "staraCena": "",
      "novaCena": "999"
    },
    "kategorija": [11, 7],
    "raspolozivo": false
  },
  {
    "id": 24,
    "slika": {
      "src": "images/knjiga24.jpg",
      "alt": "knjiga_MackaMedjuGolubovima"
    },
    "naslov": "Mačka među golubovima",
    "pisac": [1],
    "cena": {
      "staraCena": "999",
      "novaCena": "800"
    },
    "kategorija": [1],
    "raspolozivo": true
  }
]
