[
  {
    "id": 1,
    "naziv": "Kriminalistika"
  },
  {
    "id": 2,
    "naziv": "Triler"
  },
  {
    "id": 3,
    "naziv": "Horor"
  },
  {
    "id": 4,
    "naziv": "Istorijski"
  },
  {
    "id": 5,
    "naziv": "Tinejdž"
  },
  {
    "id": 6,
    "naziv": "Domaći Autori"
  },
  {
    "id": 7,
    "naziv": "Strani Autori"
  },
  {
    "id": 8,
    "naziv": "Sport"
  },
  {
    "id": 9,
    "naziv": "Biografija"
  },
  {
    "id": 10,
    "naziv": "Naučna fantastika"
  },
  {
    "id": 11,
    "naziv": "Ljubavni"
  }
]
